genome	CP053941_Halorubrum	DAL-9Gt_24_95C0R_Halo	DAL-9Gt_34_99C0R_Halo	DAL-9Gt_70_90C3R_Halo	DAL-9Gt_87_97C3R_Halo	DAL-Ass_21_92C4R_Halo	DAL-Ass_37_98C3R_Halo	DAL-Ass_40_71C5R_Nanohalo	DAL-Ass_40_74C4R_Nanohalo	DAL-Ass_40_76C3R_Nanohalo	DAL-Ass_40_79C3R_Nanohalo	DAL-Ass_45_77C1R_Nanohalo	DAL-Ass_48_95C3R_Halo	DAL-WCL_22_74C1R_Nanohalo	DAL-WCL_22_75C1R_Nanohalo	DAL-WCL_22_76C1R_Nanohalo	DAL-WCL_22_80C3R_Nanohalo	DAL-WCL_32_90C3R_Halo	DAL-WCL_32_99C4R_Halo	DAL-WCL_33_80C1R_Nanohalo	DAL-WCL_na_97C3R_Halo	DHIV-1	DHPV-1	DHSV-1	DHTV-1	DHTV-2	DHTV-3	DHTV-4	DHTV-5	DHTV-6	DHTV-7	DHTV-8	DNIV-1	DNIVr_Ga0070914_100005	DNIVr_Ga0073156_100003	DNIVr_Ga0073162_1000026	DNPV-1	DNSV-1	DNSV-2	DNSVr_Ga0307790_100011	DNTV-1	DNTV-2	DNTV-3	DNTVr_Ga0136257_100216	DNTVr_Ga0224631_1000253	DNTVr_Ga0246223_00001	DNTVr_Ga0246223_00002	DNTVr_JQ807243	DNTVr_MetavP1_100007	GCA_000022205.1_Halorubrum	GCA_000223905.1_Haloarcula	GCA_000283335.1_Halogranum	GCA_001761425.1_Nanohalo	GCA_013267195.1_Halorubrum	GCA_029207735.1_Nanohalo	GCA_029232205.1_Nanohalo	GCF_000493245.1_Natrinema_sp.J7-1	Halogranum_virus_HGTV-1	Halorubrum_virus_CGphi46	Halorubrum_virus_HRTV-28	JACOQA010000003_proVpleo	JN882267_Halogeometricum_pleoV	NC_003158_Saline_Natrinema_sp._J7-1_virus_1	NC_007914_His1_virus	NC_010085_Nitrosopumilus	NC_014729_Halogeometricum	NC_074652_Natrinema_versiforme_icosahedral_virus_1	NZ_CP010868_Nitrosopumilus	NZ_CP040330_Natrinema_versiforme_strain_BOL5-4	OQ850971_BLv25_HaloSSV	YSH_462411_Yangangviridae	YSH_922147_Yangangviridae
PI	4.788	5.027	4.859	4.997	4.725	4.905	4.96	5.153	5.022	5.137	5.166	5.333	5.343	5.276	5.35	5.504	5.576	5.062	4.987	5.198	4.822	4.757	4.819	5.846	5.054	5.008	4.602	4.844	4.578	5.079	5.088	4.711	5.461	4.861	4.874	5.119	6.125	5.961	5.458	5.481	5.105	5.114	4.771	5.981	5.921	4.953	4.924	5.497	5.454	4.825	4.808	4.954	5.225	4.788	5.111	5.133	4.935	4.94	4.7	4.849	7.578	5.206	4.505	5.873	6.728	4.937	4.793	6.968	4.767	5.291	7.006	7.146
GC%	0.7010 	0.6100 	0.6580 	0.6170 	0.6900 	0.6410 	0.6410 	0.5160 	0.5570 	0.5080 	0.5540 	0.4690 	0.5090 	0.5730 	0.4580 	0.4930 	0.4750 	0.6830 	0.6560 	0.4950 	0.5600 	0.6810 	0.5630 	0.5610 	0.5040 	0.4340 	0.6360 	0.6530 	0.6290 	0.4790 	0.5380 	0.6210 	0.5070 	0.5110 	0.4570 	0.4540 	0.5200 	0.4770 	0.4530 	0.4290 	0.4490 	0.5110 	0.5000 	0.4330 	0.4590 	0.4670 	0.4340 	0.4330 	0.4600 	0.6520 	0.6250 	0.6220 	0.4640 	0.7010 	0.4740 	0.4500 	0.6440 	0.5040 	0.6510 	0.6430 	0.4070 	0.6160 	0.6110 	0.3890 	0.3420 	0.6110 	0.6350 	0.3380 	0.6470 	0.4690 	0.3390 	0.3540 
AAA	0.214825	0.589197	0.443866	0.852655	0.466355	0.564538	0.615797	1.979017	1.706892	2.135277	1.570574	2.78988	2.192008	1.126793	3.537278	2.8612	2.72635	0.489868	0.403443	2.572093	0.694003	0.386194	1.397281	1.821429	1.702699	2.54842	0.479899	0.744905	2.085756	1.98374	1.597119	0.833503	1.400405	1.565184	2.812626	2.911419	2.366381	3.844486	4.254229	2.82197	4.324417	2.948759	3.132508	4.750549	4.387073	2.488409	1.754386	3.94211	3.521188	0.525279	0.689792	0.781942	3.683572	0.214825	3.151098	3.499947	0.656636	1.377247	0.394802	0.803286	5.709935	1.09589	0.928355	4.09919	6.694071	0.94637	0.62861	6.798379	0.58319	1.995274	5.854779	5.847049
AAC	1.923775	1.231077	2.12926	1.926381	2.022418	2.163383	1.966629	2.818714	2.981591	3.01155	2.945987	2.451658	3.101873	2.880239	3.016877	3.259847	3.14108	1.934505	1.668916	3.017295	2.476392	2.051653	2.60574	3.214286	2.736816	1.726748	2.832193	2.452565	3.335756	2.195122	2.873248	2.45985	2.671826	2.691353	2.792392	2.477803	3.100775	3.81558	4.083376	3.484848	4.368999	3.963906	3.529847	4.569303	3.710056	3.360415	1.926782	3.996112	4.228877	2.063498	2.116385	2.277473	3.09149	1.923775	3.461174	3.00471	1.934671	2.489924	2.368811	2.628937	3.84469	3.184932	2.583249	2.201417	1.525906	2.207391	2.174652	1.420161	1.977904	2.966658	2.591912	2.946258
AAG	1.342106	0.973343	1.576491	0.961221	1.246709	1.165588	1.156247	3.480578	3.397828	3.390587	3.375029	3.490614	2.584982	3.637021	3.201811	3.42785	3.592144	1.181296	1.218648	3.523914	2.743785	1.593049	1.699396	2.071429	3.214821	2.974701	2.084808	2.009838	1.090116	2.252033	2.215611	1.707664	4.58817	3.531208	2.650749	2.684287	3.304774	2.529267	2.323595	2.594697	1.975309	2.9971	2.504158	2.251264	2.130348	3.232804	3.032147	2.462469	2.183481	1.379399	1.25646	1.339527	2.484318	1.342106	2.570798	2.32718	1.084616	3.145167	1.735483	1.989959	3.121431	2.157534	1.755802	1.998988	1.685141	1.294759	1.410126	1.807478	1.133626	1.365188	2.132353	2.837137
AAT	0.110611	0.949455	0.25282	0.440753	0.055474	0.293802	0.355723	0.953347	0.306365	1.032264	0.539633	1.639195	0.683915	0.285888	1.370579	0.957909	1.079542	0.159669	0.409615	1.089931	0.341776	0.217234	1.510574	1.035714	1.990127	3.058104	0.582173	0.75896	0.515988	2.520325	1.792844	1.118113	1.787359	1.565184	1.537839	1.50733	1.346389	1.951149	2.34068	2.310606	1.186557	0.612311	1.681759	2.270342	2.012999	1.595134	3.305953	1.738849	1.156468	0.318168	0.367871	0.256342	1.286247	0.110611	1.064466	1.628808	0.30736	1.854462	0.386577	0.392515	1.941378	0.479452	0.787084	3.618421	3.375271	0.40208	0.441726	3.46109	0.327342	1.732738	3.75	3.009912
ACA	0.182026	0.902841	0.297196	0.570638	0.190842	0.44077	0.537164	1.058857	1.097809	1.499666	1.089489	1.297026	0.964837	0.733451	1.935209	1.80917	1.70311	0.123419	0.846332	1.571528	1.425632	0.386194	1.359517	1.357143	0.874781	1.28811	0.511368	0.323261	0.457849	1.560976	1.064746	0.640374	0.939746	1.087994	2.812626	2.870122	1.591187	1.821072	2.579874	3.352273	3.076132	2.054463	1.432268	2.451588	2.30186	2.262963	1.683399	3.164489	3.279537	0.432713	0.854104	0.664458	2.297905	0.182026	1.878284	2.676211	0.390322	0.914868	0.732028	0.57508	2.512372	0.376712	0.565086	3.314777	2.701613	0.687346	0.390758	2.644993	0.280365	2.572854	3.851103	3.546422
ACC	2.731667	2.077878	2.472042	3.278533	2.206093	2.700505	2.429034	1.590164	2.048818	1.536888	1.919693	1.209282	2.126622	2.298276	1.172454	1.261472	1.364975	2.493346	2.344184	1.280035	1.655747	2.630944	1.510574	1.321429	1.605849	1.053347	2.25002	2.565004	2.369186	1.796748	2.62272	2.45985	1.639948	1.507921	1.133144	1.156308	1.346389	2.29802	1.606014	0.833333	1.289438	1.675798	1.469229	1.497663	1.435277	1.34842	0.608458	1.263635	1.501683	2.649114	2.434866	2.296772	1.142739	2.731667	1.550379	1.003851	2.715897	0.969265	1.916434	2.628937	1.294252	1.746575	2.09889	0.708502	0.5675	1.984766	2.276589	0.554152	2.803559	2.100289	0.533088	0.527417
ACG	2.882754	2.471192	3.235017	2.899305	3.345702	3.006961	3.031334	1.316527	1.243241	1.099604	1.355898	0.772386	1.622782	1.414981	0.754219	0.973007	0.893617	3.512857	2.916008	1.023963	1.787963	2.268887	2.492447	5.428571	1.865159	1.161462	2.950201	4.300773	3.219477	3.089431	2.873248	3.598292	1.179289	0.973468	0.829624	0.702044	1.346389	1.604278	1.554758	0.92803	0.63786	1.393812	1.469229	0.953925	1.245712	0.986856	1.024237	0.853224	1.027013	2.770422	2.882909	3.351202	0.692981	2.882754	0.962738	0.461952	3.170596	2.269861	3.791742	3.934277	1.294252	3.869863	2.825429	1.062753	0.17919	3.279525	3.160041	0.209674	3.022349	1.496456	0.487132	0.236428
ACT	0.149226	0.712511	0.355556	0.409469	0.244856	0.429961	0.513457	0.868188	0.585832	0.944182	0.619246	1.130647	0.864649	0.46465	1.172195	1.000954	1.0491	0.194226	0.530232	1.061659	1.045359	0.265508	1.699396	0.607143	1.249688	1.649523	0.684447	0.203795	0.457849	0.943089	0.822047	0.701362	1.455685	1.507921	1.11291	1.25955	1.019992	1.358578	2.135657	2.291667	1.27572	1.135997	1.626317	1.306878	1.146416	1.310137	2.920596	1.663247	1.294554	0.401435	0.660687	0.522756	1.133862	0.149226	1.099074	1.20823	0.396615	1.369829	0.559303	0.310361	1.446517	0.924658	0.565086	1.847166	2.29714	0.607776	0.781515	2.115209	0.321166	1.391441	2.022059	2.100573
AGA	0.07188	0.198207	0.107581	0.104974	0.066755	0.214322	0.215241	1.898241	0.989305	1.647416	1.036826	2.167478	1.116305	1.040369	2.180666	1.80146	2.177087	0.091824	0.086136	1.768131	1.572133	0.120685	0.641994	1	0.809173	1.201619	0.14161	0.056219	0.043605	0.853659	0.438425	0.162635	1.400405	1.145257	2.772157	2.973364	1.550388	0.679289	1.059286	1.306818	2.256516	1.756365	1.256699	1.688448	1.029067	2.322515	0.95325	1.587644	1.372227	0.147091	0.209557	0.256419	2.27305	0.07188	1.746842	2.649458	0.158278	0.462379	0.156276	0.118667	2.093643	0.342466	0.262361	1.11336	2.212932	0.244634	0.3228	2.192043	0.153752	1.102652	2.830882	3.019005
AGC	1.299886	1.001622	1.43907	1.228291	1.53244	1.287643	1.248493	1.728235	1.499002	1.495688	1.707805	1.320404	1.456285	1.46	1.329195	1.578848	1.361375	1.345479	1.050804	1.456491	1.347418	1.882694	1.774924	1	1.14034	0.627066	1.541972	1.335207	1.497093	1.00813	1.761528	0.955479	1.547816	1.908761	1.760421	1.796407	2.284782	2.44255	2.067316	2.215909	2.314815	2.167257	1.386065	1.774301	2.319913	1.225063	1.257479	1.641646	2.338828	1.28472	1.465312	1.211972	1.347201	1.299886	1.56681	1.495356	1.367097	1.085478	1.390031	1.350981	2.131709	0.993151	1.85671	0.708502	0.389708	0.99595	1.817873	0.419151	1.425315	1.837753	0.477941	0.354642
AGG	0.122126	0.215509	0.174089	0.116329	0.157929	0.33954	0.186957	2.035059	1.452044	1.78437	1.667534	2.315336	1.56056	2.928873	1.432913	1.690957	1.451391	0.135126	0.094454	1.688515	1.416923	0.265508	0.490937	1.214286	0.65921	0.688846	0.228149	0.098384	0.152616	0.495935	0.391451	0.213458	2.119034	2.462302	1.4569	1.466033	1.183191	0.505853	0.666325	0.965909	0.562414	0.757332	1.081131	0.724983	0.704098	0.931558	1.227056	0.907225	0.4833	0.135362	0.18054	0.103951	1.342171	0.122126	0.526465	0.726369	0.1576	0.254679	0.189176	0.164309	0.456795	0.239726	0.262361	0.683198	0.21391	0.107745	0.288821	0.305373	0.132041	0.630087	0.799632	0.863872
AGT	0.140154	0.605596	0.323623	0.518614	0.286793	0.435893	0.512166	0.558232	0.285394	0.652091	0.447319	0.813981	0.956532	0.346352	1.006919	0.704137	0.733552	0.291974	0.336359	0.810136	0.746959	0.434468	1.057402	1.035714	1.252812	1.677324	0.550704	0.513001	0.356105	2.422764	2.129492	0.701362	0.810761	0.706242	1.11291	1.115011	0.652795	1.488654	1.98189	2.727273	0.932785	0.46729	1.145814	2.337117	1.173497	0.99111	3.458067	1.825251	1.087426	0.34448	0.532448	0.771562	0.897739	0.140154	0.82081	0.731968	0.457022	1.149766	0.468827	0.556823	1.294252	0.684932	0.686176	1.644737	1.262309	0.613218	0.611621	1.240946	0.415962	1.522709	1.194853	0.927526
ATA	0.150738	0.241334	0.154159	0.118183	0.071665	0.281017	0.144824	2.243262	2.829776	2.12448	2.494951	2.576138	2.30986	2.68899	2.492079	2.043026	2.89689	0.19874	0.208095	2.044026	3.173182	0.16896	0.86858	1.428571	1.099725	0.954499	0.228149	0.751933	0.37064	1.195122	0.775072	0.386257	2.119034	1.507921	2.751922	2.498451	1.142391	1.719902	1.588929	2.026515	1.982167	1.844989	1.533912	1.678909	1.823434	1.905653	0.973532	1.987256	1.691551	0.176889	0.339295	0.212747	2.047875	0.150738	1.917786	1.984371	0.158762	0.338748	0.246751	0.219078	2.093643	0.924658	0.141271	2.909919	1.738619	0.273898	0.084947	2.014007	0.156746	2.861643	4.356618	3.173593
ATC	3.157247	3.483015	3.440708	4.764277	2.440996	3.704099	3.451959	2.244201	2.350168	2.869198	2.330768	2.105238	2.161424	2.294005	2.158422	3.001898	2.767594	2.468098	2.485865	2.997797	1.436259	1.762008	1.812689	2.464286	3.024244	1.822506	3.217685	1.264933	3.06686	1.642276	1.550145	3.100224	1.474111	1.527009	2.18535	2.209374	3.875969	1.734355	1.913549	1.363636	2.397119	2.819852	2.153022	1.821998	1.480412	2.071547	1.074942	1.922454	2.243894	3.554378	3.258895	2.960154	2.912475	3.157247	2.714125	2.429836	3.773408	1.913805	3.174864	2.902784	1.827179	2.157534	3.915237	1.442308	1.611909	3.042146	3.075093	1.489528	3.824796	2.231557	1.001838	1.58225
ATG	1.522271	1.779728	1.675263	1.875053	1.631179	1.710223	1.629567	2.19943	2.353815	2.27564	2.273459	2.37788	2.161556	2.592051	2.19334	2.304507	2.414403	1.69218	1.57956	2.319596	1.939167	1.713734	1.774924	2.25	2.436891	2.532975	1.479034	2.122277	2.136628	2.02439	1.714554	1.880464	1.897918	1.67971	2.286524	2.168078	1.672787	1.951149	1.896463	1.704545	2.565158	2.223655	2.051377	2.003243	2.356021	2.437364	1.805091	2.041257	2.494175	1.62529	1.834242	1.78455	2.263877	1.522271	2.253731	2.353	1.715309	2.756967	1.562757	1.780009	2.093643	2.157534	2.361251	3.036437	2.517435	1.816073	1.647978	2.532787	1.710359	2.494093	2.34375	2.400655
ATT	0.159345	1.028996	0.34036	0.545495	0.456799	0.428116	0.548314	0.897305	0.227494	0.774269	0.402711	1.549023	0.812182	0.190592	1.173747	0.722447	0.586907	0.368988	0.620393	0.805262	0.340034	0.362056	1.774924	0.642857	1.677706	3.172397	0.432696	0.885453	0.632267	2.715447	2.309559	0.650539	1.474111	1.641535	1.274788	1.445385	0.734394	1.401937	1.606014	1.704545	1.16941	0.757332	1.395306	1.821998	1.841488	1.386703	2.423689	1.79285	1.613878	0.44159	0.741564	0.686371	0.987395	0.159345	1.21024	1.691646	0.510072	2.655589	0.345452	0.465541	2.588504	0.445205	0.484359	2.834008	5.103513	0.791826	0.611621	5.335576	0.478006	1.286427	2.775735	3.255433
CAA	0.167603	0.770617	0.28178	0.794374	0.208625	0.321614	0.465574	0.494363	0.167771	0.328176	0.395586	0.574735	0.560394	0.085109	0.749564	0.313842	0.381342	0.206498	0.398345	0.473148	0.243528	0.313782	1.170695	1.178571	1.1997	1.451827	0.487767	2.129304	1.090116	3.065041	2.481798	0.853832	1.252994	0.992556	1.193849	1.38344	0.652795	1.445296	1.486417	1.609848	2.44513	0.854012	0.480503	2.356196	1.624842	1.016632	0.8417	2.408467	2.062656	0.405028	0.460391	0.727352	0.485265	0.167603	0.692165	0.725747	0.471736	1.288233	0.575753	0.858056	1.789113	0.513699	0.787084	2.277328	2.678466	0.772236	0.696568	2.587613	0.448809	1.207666	1.930147	1.827771
CAC	1.694643	1.34871	1.795727	1.499532	1.99853	1.815011	1.724395	1.174073	1.496722	1.131995	1.333903	0.983092	1.054215	1.412681	1.015196	0.997421	1.005237	1.8077	1.692261	1.073682	1.31972	1.255129	1.132931	1.071429	1.668333	1.003923	1.91173	2.037948	1.133721	0.869919	1.456197	1.260419	1.013451	0.87803	1.052206	0.929176	0.326397	0.896083	0.785922	0.606061	1.923868	1.554947	1.284421	0.600973	1.110309	1.373942	0.253524	0.540015	1.311815	1.737827	1.669224	1.839832	0.8862	1.694643	0.977071	1.086287	1.711533	1.646762	1.834183	1.734368	0.342596	1.712329	1.473259	0.632591	0.536771	1.726709	0.9684	0.495985	1.710827	0.682594	0.487132	0.50923
CAG	1.70988	1.655252	2.244328	1.984198	2.236617	1.947479	2.094671	2.519404	3.013504	2.746452	3.038611	2.59982	1.995323	2.696219	2.581313	2.985837	2.735843	1.891908	2.041635	2.880485	1.884643	2.824041	2.870091	2.428571	2.183829	1.507429	3.044607	0.470836	2.84157	1.04878	1.730212	2.927424	2.948222	3.550296	3.176851	3.221144	3.386373	2.023414	2.01606	2.651515	1.639232	2.666774	3.483644	2.213107	2.473371	2.58199	3.092993	2.754077	2.252524	1.847617	2.557196	2.059037	2.889395	1.70988	2.674623	2.809352	1.932832	1.983038	2.738937	1.889548	1.027788	2.534247	2.663976	1.366397	0.551537	1.77121	2.480462	0.618606	1.944496	1.969021	1.176471	1.564063
CAT	0.074206	0.841378	0.217364	0.61907	0.031188	0.258346	0.215828	0.524419	0.299527	0.527071	0.401162	0.634547	0.73124	0.307905	0.709214	0.669765	0.786907	0.100992	0.336225	0.567063	0.460752	0.217234	0.377644	0.285714	0.843539	1.084237	0.33829	0.267041	0.617733	1.138211	0.563689	0.386257	0.66335	0.343577	0.505868	0.598802	0.775194	0.708195	0.410046	0.852273	0.445816	0.555914	0.554426	0.982543	0.686044	0.59977	1.044519	0.70202	0.612756	0.21567	0.301282	0.247346	0.716061	0.074206	0.615607	0.563675	0.290806	0.590955	0.230301	0.228206	1.256186	0.273973	0.544904	0.708502	1.24036	0.29893	0.271831	1.319942	0.202226	0.682594	1.663603	1.709557
CCA	0.128756	1.084391	0.336176	0.592189	0.37664	0.439979	0.398678	0.581088	0.392531	0.572817	0.425325	0.55075	0.639489	0.254999	0.723957	0.699319	0.829787	0.161785	0.726654	0.689574	0.318259	0.386194	0.528701	0.571429	1.102849	0.92052	0.613642	0.295151	0.356105	0.926829	0.814217	0.45741	0.644924	0.725329	2.165115	2.023539	0.367197	0.4914	0.580899	0.871212	1.262003	0.604254	0.526705	0.543737	0.586749	0.889021	0.436061	0.918026	0.750841	0.335392	0.565698	0.558739	0.773464	0.128756	0.683775	1.215696	0.350922	0.806073	0.518177	0.337745	0.723258	0.239726	0.484359	1.189271	2.134712	0.454442	0.424737	2.039946	0.235728	0.761355	1.746324	1.836865
CCC	1.694992	1.241794	1.505688	1.583535	1.44976	1.842955	1.490845	0.710079	0.816974	0.501499	0.788075	0.664301	1.339619	1.025253	0.385904	0.432697	0.384943	1.913629	1.424865	0.482247	1.772286	1.906831	1.057402	0.785714	1.055986	0.935965	1.353159	1.349262	1.380814	1.04065	1.495342	1.423053	0.331675	0.324489	0.323756	0.392319	0.815993	0.448042	0.427131	0.30303	0.360082	0.249758	0.129366	0.496041	0.424264	0.361564	0.081128	0.183605	0.138086	1.579007	1.280186	1.431946	0.314534	1.694992	0.258338	0.225532	1.718503	0.857998	1.052805	1.451392	0.342596	0.924658	1.069627	0.379555	0.193956	1.428262	1.512063	0.255853	1.638209	1.102652	0.220588	0.100027
CCG	3.00267	2.288351	2.66463	2.566539	2.631837	2.321554	2.591228	1.313083	1.617536	1.329469	1.711522	1.059905	1.272651	1.81161	0.895959	0.943133	1.055319	2.55569	2.4271	1.213417	1.076889	3.041274	1.963746	2.035714	1.402774	0.864918	2.64338	3.541813	3.081395	1.520325	1.604948	2.541167	1.087157	1.297958	0.607042	0.516209	1.26479	1.546466	0.837178	0.643939	0.562414	1.281018	1.672519	1.201946	0.911717	0.812455	0.74029	0.950427	1.104686	2.590785	2.534794	2.295388	0.803941	3.00267	1.257433	0.564608	2.568074	1.142348	2.673137	2.875399	0.494861	2.294521	2.764884	0.632591	0.10915	2.327834	2.633367	0.139913	2.586734	1.417695	0.275735	0.209148
CCT	0.079556	0.435797	0.165941	0.207168	0.080026	0.233038	0.220523	0.888851	0.756795	1.074884	0.724261	0.984914	0.654649	0.634868	1.27462	1.300341	1.188543	0.079693	0.40398	1.013889	0.600807	0.458605	0.377644	0.428571	0.437391	0.756804	0.440563	0.112439	0.443314	0.577236	0.258357	0.182964	1.381979	1.336133	0.546338	0.578154	0.815993	0.997254	1.298479	1.57197	0.994513	1.127941	1.496951	0.801297	0.794367	1.016632	1.764527	1.026029	0.983861	0.194853	0.231783	0.242271	1.43301	0.079556	1.080896	1.333906	0.167571	0.984101	0.427702	0.164309	0.761325	0.171233	0.322906	1.11336	1.466641	0.276438	0.288821	1.377126	0.122215	0.603833	0.974265	0.854779
CGA	0.426394	1.255869	0.726417	1.074537	0.314	0.766602	1.075972	0.338133	0.231598	0.248618	0.246583	0.233173	0.383746	0.130128	0.270805	0.173464	0.292308	0.827119	0.838819	0.253472	0.333414	0.868936	0.944109	0	0.902899	0.82785	0.951931	0.274069	0.625	0.894309	0.524544	0.813173	0.737055	0.763504	0.667746	0.640099	0.611995	0.505853	0.239194	0.227273	0.716735	0.676764	0.545186	0.352952	0.469399	0.476413	0.152114	0.432012	0.422888	0.906743	0.841844	1.39404	0.142325	0.426394	0.44746	0.333476	1.153736	1.337685	0.575753	0.848927	0.685192	1.09589	1.10999	0.253036	0.387114	1.166456	1.240231	0.389675	1.102745	0.472565	0.257353	0.309175
CGC	3.559216	1.839513	2.891904	1.582956	4.073104	2.374014	2.480087	0.507199	1.088691	0.45007	1.024125	0.223458	0.46772	0.591492	0.231232	0.328619	0.253355	3.341199	2.612654	0.334713	0.709158	3.113686	1.359517	0.5	0.734191	0.392302	2.375895	2.016866	2.688953	0.650407	1.03343	2.28705	0.184264	0.209964	0.242817	0.24778	0.897593	0.664836	0.341705	0.189394	0.312071	0.708991	0.4343	0.200324	0.947825	0.514696	0.121692	0.140404	0.612756	2.747492	2.121677	2.210966	0.24855	3.559216	0.451305	0.266283	2.445421	1.17202	3.109064	3.49612	0.266464	1.438356	1.432896	0.27834	0.099173	2.593147	1.664968	0.114171	2.578967	0.498819	0.055147	0.02728
CGG	2.628616	2.432197	1.912447	2.838244	1.612201	2.692464	2.152061	0.729491	1.349922	0.578215	1.291464	0.396212	0.961541	1.187914	0.492726	0.445225	0.47365	2.388687	2.703218	0.608333	0.436365	2.293024	1.812689	1.142857	1.262184	0.917431	2.30509	2.916374	2.252907	1.552846	1.910279	2.246392	0.608071	0.935293	0.242817	0.24778	0.734394	1.083972	0.410046	0.30303	0.26406	0.612311	0.822399	0.848994	0.595775	0.302012	0.476625	0.399611	0.543713	2.240071	2.077049	1.323842	0.288792	2.628616	0.780958	0.217444	2.272622	0.69975	2.089159	2.108626	0.418729	2.294521	2.179617	0.480769	0.027337	1.429471	2.412504	0.039302	2.250783	1.155159	0.036765	0.036374
CGT	0.206335	0.977346	0.468532	0.780355	0.179694	0.634265	0.651475	0.421101	0.48599	0.451775	0.52972	0.252301	1.066079	0.406158	0.584287	0.546413	0.493944	0.447835	0.751341	0.478998	1.669335	0.651702	0.415408	0.357143	0.874781	1.204708	0.645111	0.808152	0.268895	0.886179	0.516715	0.508233	0.405381	0.209964	0.34399	0.330374	0.367197	0.708195	0.717581	0.625	0.733882	0.580084	0.748475	0.744062	0.857556	0.650815	1.997769	0.637218	1.139208	0.539227	0.619058	0.963011	0.503018	0.206335	0.814867	0.398181	0.563121	1.453898	0.526402	0.492926	0.875523	0.684932	0.585267	0.657895	0.46733	0.936696	0.6456	0.448234	0.35186	0.446311	0.128676	0.272802
CTA	0.092118	0.39693	0.176622	0.242043	0.083609	0.224998	0.199867	0.736065	0.348764	0.690733	0.438645	0.746579	0.940581	0.227396	0.902425	0.638285	0.854992	0.093798	0.328712	0.686975	0.667351	0.241371	1.170695	0.75	1.465259	0.70738	0.322555	0.358398	0.661337	1.081301	0.775072	0.365928	0.257969	0.190876	1.315257	1.38344	0.489596	0.592571	0.734666	1.174242	1.999314	0.886239	0.110885	0.973004	1.209605	1.229316	0.263665	0.918026	1.42401	0.227505	0.336561	0.236889	0.78678	0.092118	1.288196	1.464248	0.197485	0.610736	0.139826	0.191693	1.294252	0.753425	0.302725	1.290486	1.516527	0.235444	0.458716	1.530598	0.180516	2.966658	1.479779	1.409475
CTC	5.242461	4.288625	4.980752	4.228399	5.297915	4.44658	4.958061	2.201934	2.770053	2.302348	2.82982	1.460065	2.46212	2.967977	1.267119	1.856712	1.46743	5.847663	4.220926	1.760982	4.910976	4.296404	2.228097	3.071429	1.927643	1.155284	4.130281	4.111033	0.806686	1.146341	2.012057	3.52714	1.916344	1.488834	1.780656	1.651869	3.631171	1.055066	1.127627	0.435606	1.015089	2.070577	1.848087	0.391109	0.622856	1.407971	0.233242	0.334809	0.71632	4.908523	4.086187	5.6908	1.586282	5.242461	1.170738	1.473269	4.981839	2.294587	4.178319	3.687814	0.799391	3.424658	3.753784	0.430162	0.532381	4.813961	4.519198	0.447644	5.162894	1.260173	0.248162	1.04574
CTG	2.67421	1.953014	2.696013	2.261812	2.827324	2.910477	2.576441	3.055407	3.235072	2.935402	3.256694	2.971136	2.200708	3.821041	2.504494	2.83775	2.431424	2.559216	3.052323	2.976349	1.133329	2.099928	1.774924	2.392857	0.802924	0.608532	2.132012	0.997892	4.229651	0.252033	0.892508	1.555194	2.524415	2.767704	0.910563	0.763989	2.325581	1.618731	1.349735	1.174242	0.847051	1.893329	2.402513	1.440427	1.444304	1.471777	0.861982	0.939626	1.027013	2.313828	3.238698	1.912798	2.531661	2.67421	2.017416	2.005525	2.543389	0.951957	1.719033	1.268827	0.456795	1.986301	1.816347	0.607287	0.387513	1.890806	2.446483	0.445679	2.57251	1.391441	0.496324	0.672911
CTT	0.190284	1.309326	0.35974	0.7208	0.073789	0.5304	0.495266	1.495612	1.803999	1.766753	1.370147	1.999277	1.225457	1.314756	2.050824	2.172481	2.674959	0.153322	0.870214	1.645295	0.78807	0.410331	0.679758	0.892857	1.324669	1.881197	0.550704	0.899508	0.377907	1.414634	1.565803	0.579386	1.584669	2.385952	1.578308	1.920297	1.101591	1.445296	1.571843	1.931818	1.457476	1.321302	1.423027	1.192407	1.588734	1.905653	1.389311	1.738849	1.518944	0.543877	0.632376	0.464091	2.255001	0.190284	2.065308	2.152354	0.469897	1.49346	0.575753	0.921953	2.131709	0.582192	0.565086	1.720648	1.759571	0.817342	0.577642	1.813766	0.322757	0.577579	0.974265	2.491589
GAA	0.997478	2.949213	2.057906	3.213069	2.415117	2.330648	2.698731	4.775189	4.621922	4.729148	3.80655	5.74796	4.03863	2.86348	6.52441	5.419158	4.514239	2.435374	1.787655	5.576389	2.408106	1.158581	2.907855	2.928571	5.126843	7.209712	1.636378	1.433591	5.232558	5.552846	4.869647	2.175239	3.335176	2.901317	4.41117	4.852364	3.998368	3.584333	4.288399	3.996212	7.650892	5.897519	5.599704	5.904798	5.957754	4.683313	2.545381	6.220974	5.626996	1.899818	2.939003	3.007132	6.531542	0.997478	5.776431	6.812625	2.550165	4.616374	1.669683	2.948425	5.595737	2.328767	2.401615	6.781377	5.774576	3.74485	2.038736	5.338917	2.539383	5.513258	5.110294	4.728562
GAC	8.620232	4.28643	7.655953	4.500451	9.043349	6.238261	6.58129	4.347826	5.661831	4.155763	5.035748	2.732194	4.913957	5.462432	3.510896	3.787307	3.223895	8.229015	6.275039	3.874226	7.240868	8.761767	6.004532	3.964286	4.433267	2.048003	7.953741	8.629656	11.351744	3.756098	4.814844	7.328725	4.348627	4.008399	4.532578	4.212265	3.182375	3.555427	3.058261	3.087121	6.0631	6.719304	6.311218	3.376896	5.407113	5.989196	1.845655	4.082514	5.160956	7.312697	6.965215	7.37901	3.362528	8.620232	3.193747	3.566518	6.626286	5.093589	8.307287	8.178914	3.502094	6.40411	7.64884	1.87247	1.434515	6.514549	8.053007	1.308348	6.938385	2.572854	1.433824	1.745931
GAG	7.293247	5.133618	6.822947	4.909225	5.666194	6.303111	5.488536	6.944562	6.945648	6.914717	7.219992	6.135672	5.517326	8.59537	5.105205	5.627315	5.497218	5.329585	6.481524	6.276363	7.909787	7.82042	4.984894	4.285714	5.10185	4.20721	7.277162	7.238229	0.632267	3.512195	4.071087	6.088636	7.278423	8.054972	7.689195	7.536651	5.834353	3.786674	3.109516	3.503788	3.196159	4.842088	5.008316	3.567681	3.339953	5.750989	6.175844	3.542499	3.408993	6.542372	5.189095	4.99328	4.947627	7.293247	4.894445	4.050868	5.81776	5.402665	7.287383	6.325879	2.664636	5.10274	6.498486	1.088057	1.568608	4.71601	6.455997	1.687018	6.556018	3.150433	2.527574	2.837137
GAT	0.448028	3.752628	0.877603	3.553482	0.125945	1.845327	1.682614	2.878826	1.692303	2.96893	2.155434	4.039239	2.59566	1.76429	3.517879	3.144846	4.149591	0.310593	1.67549	3.122583	1.2537	1.182718	2.454683	1.535714	3.824044	5.850554	1.691448	0.688686	0.821221	4.422764	2.614891	1.880464	3.427308	4.256538	4.046945	4.583936	2.407181	3.410898	3.399966	4.469697	2.410837	1.732195	2.873776	4.817323	2.879581	3.475265	7.646283	4.482125	3.158712	1.525433	1.431797	0.748957	3.791277	0.448028	3.915276	3.635889	1.916278	3.273743	1.340681	1.378366	3.159498	1.472603	3.007064	3.896761	4.695248	1.777619	2.599388	4.656446	1.748165	4.174324	4.908088	4.328453
GCA	0.279843	2.032297	0.776959	0.937121	0.593361	1.007812	1.252718	1.407948	1.219079	1.694867	1.220525	1.477978	1.436643	0.943759	2.13204	2.116909	2.07856	0.587757	1.634703	2.002431	1.246035	0.74825	1.774924	1.392857	1.452762	1.482717	1.132877	0.386507	0.712209	1.398374	1.581461	1.036796	1.547816	1.507921	2.56981	2.477803	1.346389	1.286313	2.289424	1.723485	2.726337	1.861102	0.166328	1.583516	1.904676	2.071547	1.287902	1.998056	2.761716	0.846829	1.342982	1.572342	2.242573	0.279843	2.114249	2.896765	1.007559	2.054744	0.937654	0.985851	1.827179	0.719178	1.291625	2.024291	4.020992	1.626461	1.58002	3.888101	0.790095	1.496456	2.748162	2.746204
GCC	5.185469	4.110562	4.831989	5.246626	4.801302	4.302249	4.145449	1.943638	2.505174	1.659918	2.268813	1.260896	1.977922	2.321279	1.397995	1.789575	1.264157	5.762892	4.971865	1.834099	2.262129	4.851557	2.794562	4.071429	1.418395	0.849473	3.57171	5.368939	4.43314	1.650407	2.560088	3.466152	1.971623	1.75606	0.708215	0.743341	1.917585	1.41639	1.144712	0.776515	1.059671	2.03835	1.589355	1.421349	1.850515	1.488792	0.588176	1.620045	1.242772	4.278209	4.304122	3.997207	1.574151	5.185469	1.580443	1.754173	4.577577	1.233835	3.536766	3.386581	1.636848	3.219178	2.441978	1.467611	0.453162	3.664313	3.567788	0.505811	4.581202	1.181412	0.652574	0.59107
GCG	7.143439	3.998352	4.90037	3.592992	6.548074	4.50563	4.886235	1.88697	2.527058	1.708221	2.567748	1.605191	1.976867	2.689976	0.870352	1.306765	1.207529	5.090928	4.686087	1.28101	2.364034	4.296404	3.663142	3.071429	1.652712	0.864918	3.319959	4.406184	4.520349	2.414634	2.998512	4.543606	0.755482	0.820767	0.708215	0.702044	2.855977	1.806619	0.803007	0.606061	0.401235	1.369642	1.857328	0.753601	1.480412	0.965588	1.034378	0.669619	1.165099	5.516329	3.864194	3.688813	0.906912	7.143439	1.354965	0.542832	4.776997	1.938531	4.819872	5.029667	1.141987	5.582192	3.32997	0.759109	0.133893	4.08417	3.737683	0.168211	4.94738	1.758992	0.3125	0.200055
GCT	0.251231	1.625424	0.670039	0.757761	0.269143	0.692789	0.827634	1.323728	0.852078	1.24707	0.880698	1.401771	1.182614	0.680216	1.381442	1.251193	1.588216	0.350087	1.191815	1.18872	1.399851	0.627565	1.661631	0.785714	1.371532	2.183919	1.069939	0.386507	0.734012	1.178862	0.665466	0.589551	1.73208	2.767704	1.396196	1.63122	1.30559	1.387484	1.930634	1.590909	1.464335	1.377699	2.374792	1.287799	1.435277	1.378196	3.17412	1.544443	1.846897	0.666875	1.056252	0.79978	1.398094	0.251231	1.504235	1.252092	0.66651	1.851989	0.830729	0.4199	1.636848	0.650685	1.35217	1.695344	1.448683	1.080478	1.206252	1.35551	0.520585	2.625361	1.378676	1.336728
GGA	0.515372	1.380474	0.676095	0.94836	0.29741	1.383995	1.276308	2.994668	1.939402	2.972339	1.736615	3.157856	2.5863	2.429391	2.741157	2.850599	2.596399	0.743194	0.82728	2.791119	3.044798	0.91721	1.510574	1.785714	1.824544	2.338368	1.038471	0.780042	0.857558	1.097561	0.704611	1.006302	3.482587	2.48139	3.743424	3.283089	3.467972	1.560919	2.682385	2.329545	3.065844	2.159201	4.084273	1.888772	1.850515	2.173636	1.500862	2.13846	2.002244	1.076447	0.916371	1.216508	3.114274	0.515372	3.230452	3.363695	1.012109	1.839626	0.633328	0.593336	2.512372	1.917808	2.078708	1.720648	3.278692	1.459945	1.613999	3.232158	0.969019	2.677868	2.141544	3.028099
GGC	5.62803	3.598453	5.006078	3.740605	6.489813	3.954668	3.99816	2.075134	3.185378	2.023328	3.427072	1.464922	1.739712	2.42709	1.710184	2.453237	1.682815	5.347357	4.650667	2.200659	2.269271	4.296404	3.096677	1.785714	1.374656	0.864918	3.87853	5.024596	4.142442	1.853659	3.155093	4.045538	1.639948	1.927849	1.092675	1.25955	1.917585	2.110132	2.033145	1.761364	1.443759	2.666774	1.321382	2.184489	3.105254	1.735506	1.358889	2.246463	2.468283	4.312551	4.196962	3.623305	2.11741	5.62803	1.95624	2.230124	4.241175	2.114086	5.058398	4.007303	1.789113	2.842466	3.047427	1.366397	0.670465	3.456924	3.907577	0.734153	4.661681	0.682594	0.670956	0.527417
GGG	2.660369	2.027261	1.994922	2.247097	1.56615	2.541279	2.089272	1.081399	1.194004	0.963219	1.249334	0.991897	1.395381	1.843485	0.777498	0.79376	0.837316	1.978512	2.009032	0.880004	1.079676	3.017137	2.454683	3.964286	1.690202	1.26031	1.85666	2.115249	2.165698	2.325203	2.536601	2.551332	1.566243	1.488834	0.708215	0.763989	1.387189	1.228501	0.785922	0.909091	0.3738	0.51563	1.025688	0.801297	0.686044	0.59977	0.608458	0.583216	0.802624	2.329889	1.984795	1.652535	0.640608	2.660369	0.733765	0.447331	2.088109	0.862943	1.842408	2.355089	0.60906	2.39726	2.139253	1.341093	0.344212	1.475907	2.140673	0.502667	1.899578	2.520347	0.735294	0.300082
GGT	0.430116	1.795353	0.911848	1.381234	0.413933	1.115764	1.218801	1.191606	1.240506	1.423802	1.370147	1.585152	2.755038	1.378506	1.713805	1.368763	2.020949	0.706239	1.25863	1.356077	1.786396	1.303403	1.47281	1.035714	1.94014	2.341457	0.991267	0.667604	0.661337	2.162602	1.691067	1.240089	1.3267	1.412483	1.517604	1.527979	0.530396	2.572626	2.152742	2.537879	1.419753	1.127941	1.136574	2.031861	1.480412	1.641924	4.380894	1.738849	1.605247	1.015688	1.271278	1.821302	1.474139	0.430116	1.537795	1.199209	1.098556	2.376184	1.102155	0.88544	1.827179	1.232877	1.755802	2.226721	2.152271	1.812566	1.206252	2.000841	0.945157	2.126542	2.463235	1.927798
GTA	0.134455	0.652081	0.253921	0.368105	0.147975	0.365902	0.35232	1.441761	1.095074	1.598261	1.346604	1.554184	2.021424	0.779127	2.070482	1.883053	1.671031	0.194649	0.489713	1.599475	1.555758	0.265508	0.981873	2.392857	1.827668	1.408581	0.346157	0.505973	0.196221	1.186992	0.540202	0.498069	1.418832	0.954381	0.809389	1.13566	0.856793	1.633184	2.169827	2.405303	2.688615	1.409926	0.332656	2.031861	1.886622	2.135352	1.561708	2.408467	2.425132	0.336872	0.440017	0.375747	2.094331	0.134455	2.19605	2.871879	0.34676	1.290705	0.222076	0.529439	1.598782	0.856164	0.504541	2.353239	2.487304	0.604028	0.339789	2.443769	0.308346	3.281701	2.371324	1.900518
GTC	6.56712	4.32181	6.282401	5.145707	6.928298	5.238884	5.786399	2.399178	3.923026	2.710367	3.172125	1.52443	2.808296	3.937039	1.684319	2.286518	2.505401	7.7651	5.330228	2.624738	5.679187	6.275646	2.379154	3.535714	1.777681	1.118216	5.208087	2.206606	5.784884	1.333333	1.722383	4.340313	2.561268	1.717885	1.821125	1.817056	2.815177	1.748808	1.65727	1.268939	1.207133	2.884306	3.021623	1.469045	1.480412	2.19065	1.115506	1.209634	1.458531	5.481458	5.414792	6.578769	2.058528	6.56712	1.975816	1.334839	5.840704	2.178375	4.918572	4.180739	1.256186	3.732877	4.177598	0.657895	0.695807	5.033442	3.992525	0.668912	6.02411	1.207666	0.358456	0.581977
GTG	2.498116	2.231795	1.982259	1.792325	3.0893	2.522958	2.210976	1.910138	1.818588	1.553084	2.143043	1.878137	1.924532	2.440563	1.314452	1.351095	1.328314	2.102355	2.605812	1.452916	1.411697	2.389573	1.925982	2.285714	1.558985	1.226331	1.581308	4.841883	0.56686	1.910569	2.411336	1.606017	1.418832	1.660622	1.173614	1.176956	0.979192	2.037867	1.315565	1.060606	0.63786	1.426039	2.088339	1.135171	1.435277	1.165511	1.734104	1.188033	1.130577	2.453627	2.109506	1.782858	1.017576	2.498116	0.920789	0.855156	1.633895	1.592365	1.817733	2.574167	0.60906	2.705479	1.311806	1.138664	0.609005	2.093358	1.291199	0.663803	1.597595	0.735101	0.579044	0.345549
GTT	0.270771	1.42683	0.599236	0.836086	0.125281	0.791118	0.766841	1.452719	0.939611	1.328333	0.900524	1.959504	1.995718	0.630268	1.907016	1.539658	1.624223	0.324557	0.940518	1.533507	0.928299	0.699976	1.586103	0.857143	1.662084	3.138418	0.700181	0.358398	0.603198	2.130081	2.262585	0.620045	1.418832	2.309601	2.246054	1.899649	1.22399	1.893337	2.118572	2.17803	1.484911	1.03126	1.524672	2.022322	1.841488	1.603641	3.863706	2.246463	1.941831	0.683994	0.872096	0.67653	1.654338	0.270771	2.077893	1.821988	0.785195	2.168484	0.830729	0.611593	2.664636	0.719178	0.928355	2.631579	2.875615	1.345428	0.95141	2.794339	0.622587	1.758992	1.755515	1.818678
TAC	2.376339	1.469312	2.268993	1.699516	2.61923	2.240755	2.176237	2.395421	2.857586	2.61575	2.714583	2.299549	2.564549	2.952861	2.353961	2.627344	2.604255	2.3798	2.137968	2.383614	2.683513	1.279266	2.379154	3	2.468133	1.47345	2.368028	1.890372	1.940407	1.284553	1.565803	2.185404	1.603096	1.603359	0.890328	0.784638	1.427989	2.818326	2.545703	2.102273	2.890947	2.739285	0.619109	1.888772	2.139375	2.14386	1.05466	1.868452	2.356089	2.318054	2.243831	2.377196	2.328086	2.376339	2.378181	2.435747	2.164586	2.339095	2.599112	2.364217	1.636848	2.773973	1.493441	1.341093	1.018268	2.277891	1.749915	0.945398	2.283536	1.837753	0.827206	1.182141
TAT	0.11317	1.065539	0.296535	1.028307	0.069542	0.389496	0.417338	0.722603	0.313204	0.666013	0.46002	0.934818	0.718585	0.265843	1.004074	0.681651	0.890671	0.235977	0.4822	0.783814	0.416506	0.241371	0.906344	1.321429	1.115346	2.264233	0.291086	0.744905	0.59593	1.95122	1.74587	0.843667	1.345126	1.049819	1.173614	1.321495	1.142391	1.300766	1.33265	1.742424	0.819616	0.483403	2.088339	0.953925	1.173497	1.046408	1.511003	0.810023	1.027013	0.300839	0.472033	0.385743	0.940644	0.11317	0.8292	0.982387	0.487419	1.444008	0.329001	0.392515	1.674914	0.445205	0.565086	2.70749	2.056291	0.409094	0.526673	2.161781	0.395843	1.548963	3.161765	2.664363
TCA	0.12515	0.599527	0.229036	0.348755	0.124485	0.312256	0.356075	1.051656	0.703455	1.101024	0.699478	1.361391	0.706457	0.750538	1.396444	1.328609	1.524386	0.113122	0.377146	1.128926	0.799044	0.313782	0.717523	1.214286	1.046613	0.812405	0.495634	0.126493	0.305233	1.02439	0.649808	0.60988	0.939746	0.87803	2.873331	2.539748	1.26479	0.982801	1.144712	2.17803	1.111111	1.0796	0.813158	1.15425	1.04712	1.471777	1.156069	1.274436	0.871667	0.293759	0.45457	0.360216	1.548704	0.12515	1.369298	1.839098	0.246081	0.64288	0.608653	0.410771	1.827179	0.376712	0.443996	1.315789	2.606232	0.464841	0.254842	2.655998	0.201571	1.155159	2.610294	2.964445
TCC	1.165314	0.958623	1.41022	0.898074	1.439674	1.311237	1.108364	1.586407	1.540944	1.530353	1.612084	1.233874	1.406455	1.953896	1.12926	1.41759	1.215057	1.14561	0.818157	1.403846	0.916453	1.134444	0.641994	0.964286	1.165334	1.251043	1.313823	2.304989	1.25	0.569106	1.017772	1.392559	1.52939	1.317045	0.263051	0.309725	1.26479	0.968348	0.939689	0.606061	0.565844	0.950693	1.034929	0.810837	0.749233	0.842231	0.517189	0.831623	0.673168	1.139954	1.1635	0.972314	1.214641	1.165314	1.290643	1.079754	1.121306	0.959375	0.674453	0.766773	0.91359	1.541096	0.847629	0.379555	0.439992	1.214343	1.087326	0.437426	1.122023	0.735101	0.431985	0.445576
TCG	2.213969	1.551823	1.965411	2.031703	1.665552	1.927708	2.389249	1.433621	1.542768	1.251616	1.582655	1.226284	1.497019	1.54741	0.691885	0.980395	1.062193	2.322675	1.829515	1.055159	2.541542	2.317161	1.435045	1	1.227818	1.068792	2.021871	0.9487	2.056686	0.796748	1.158694	2.00244	1.400405	1.450659	0.566572	0.474912	2.039984	1.098425	0.922604	0.549242	0.301783	1.160168	1.293661	0.486502	0.722152	0.799694	0.567894	0.529215	0.750841	2.115804	1.930642	2.277935	0.730264	2.213969	1.262327	0.559942	2.255293	1.520659	2.533311	2.345961	0.761325	2.773973	2.865792	0.885628	0.158038	2.261808	2.786273	0.186486	2.360552	0.735101	0.165441	0.345549
TCT	0.103051	0.306026	0.152507	0.102078	0.094757	0.192837	0.289531	0.91202	0.56714	0.812343	0.597871	1.046547	0.677192	0.429818	1.156159	0.838411	0.991489	0.093093	0.295841	0.840358	0.806534	0.313782	1.019637	0.678571	0.796676	1.603188	0.33829	0.18974	0.138081	0.715447	0.696782	0.284611	1.418832	1.126169	0.708215	0.660747	1.713586	0.910536	1.520588	1.837121	0.857339	0.902353	0.979486	0.686826	1.254739	1.386703	1.805091	1.177233	0.871667	0.269772	0.306221	0.383282	1.099834	0.103051	1.016574	1.194231	0.160601	1.070643	0.460602	0.182565	1.446517	1.061644	0.423814	2.100202	2.345429	0.445372	0.475705	2.230755	0.181826	1.837753	1.544118	1.600436
TGA	0	0	0	0	0	0	0	0	0	0	0	0	0.000791	0	0	0	0	0	0	0	0	0	0	0	0	0	0	0	0	0	0	0	0	0	0	0	0	0	0	0	0	0	0	0	0	0	0	0	0	0	0	0	0	0	0	0	0	0	0	0	0	0	0	0	0	0	0	0	0	0	0	0
TGC	0.423254	0.348121	0.406098	0.123165	0.514928	0.273372	0.361357	0.461176	0.520183	0.408018	0.517329	0.453291	0.298718	0.458078	0.335467	0.372306	0.340753	0.296911	0.314222	0.395807	0.172978	0.820661	0.339879	0.071429	0.502999	0.417014	0.558571	0.393535	0.327035	0.325203	0.595005	0.477739	0.257969	0.229051	0.121408	0.12389	0.367197	0.433589	0.529643	0.30303	0.514403	0.507573	0.018481	0.25756	0.306915	0.221192	0.152114	0.172805	0.319323	0.38643	0.303311	0.28702	0.292342	0.423254	0.209048	0.356807	0.310264	0.450016	0.287876	0.502054	0.152265	0.616438	0.585267	0.354251	0.203733	0.357942	0.441726	0.265285	0.338572	0.183775	0.257353	0.48195
TGG	1.036908	1.143659	1.107299	1.150545	1.103909	1.120114	1.08806	0.93331	0.89311	0.968617	0.98943	0.937247	1.061465	0.943102	0.971743	0.907797	0.910966	1.029808	1.055232	0.900801	0.916627	1.448226	1.548338	1.428571	1.815171	1.467272	1.447565	1.377372	1.388081	1.536585	1.557974	1.667005	1.197715	1.107082	0.607042	0.578154	1.672787	1.430843	1.606014	1.041667	1.148834	1.289075	1.145814	1.077936	1.236685	0.816708	0.750431	0.972027	0.940709	1.106457	1.129192	1.184446	0.931767	1.036908	0.880238	0.974921	1.117046	1.555275	1.710808	1.46052	0.951656	1.746575	1.675076	1.796559	0.89535	1.109137	1.817873	0.906686	1.096569	1.338934	1.544118	1.245794
TGT	0.212615	0.400158	0.308427	0.584542	0.178765	0.438661	0.316759	0.208515	0.119446	0.211965	0.149313	0.274768	0.458492	0.145573	0.320207	0.246063	0.259902	0.376181	0.464087	0.254447	0.51876	0.193097	0.490937	0.142857	0.521745	0.871096	0.236016	0.16163	0.297965	0.756098	0.55586	0.193129	0.239543	0.152701	0.202347	0.185835	0.122399	0.433589	0.341705	0.492424	0.250343	0.104737	0.332656	0.248021	0.243726	0.501935	0.344793	0.237607	0.258911	0.318063	0.43446	0.440563	0.321636	0.212615	0.453403	0.266283	0.469607	0.43518	0.271426	0.447284	0.228397	0.171233	0.262361	1.062753	0.782807	0.340529	0.220863	0.785441	0.412968	0.498819	1.314338	1.482222
TTA	0.114333	0.252181	0.098772	0.255252	0.029595	0.115201	0.110907	0.411395	0.133123	0.310276	0.272914	0.533444	0.742841	0.078537	0.714646	0.341468	0.543044	0.046123	0.125313	0.408155	0.415984	0.096548	0.755287	1.25	0.856036	1.217064	0.078672	0.238932	0.457849	1.861789	0.485399	0.274446	0.313249	0.419927	1.092675	1.13566	0.571195	1.242954	0.871348	1.231061	0.603567	0.451176	0.545186	1.469045	0.911717	0.642307	1.450157	1.296036	0.802624	0.16516	0.159726	0.163001	0.502722	0.114333	0.865905	0.430222	0.153244	0.64288	0.139826	0.246463	1.903312	0.136986	0.080727	2.960526	2.55874	0.25189	0.118926	2.635757	0.161706	1.837753	3.713235	2.11876
TTC	3.091299	2.269757	3.074802	2.472224	3.348356	2.651999	2.927469	2.859102	3.522745	3.277785	3.456191	2.732498	2.731045	3.593645	2.632784	3.129106	3.180687	3.092669	2.744139	3.019894	2.955261	1.786145	2.379154	2.035714	2.849288	2.010935	2.533239	1.784961	2.514535	1.203252	1.581461	2.337874	2.708679	2.55774	1.436665	1.424737	3.916769	2.312473	2.511533	1.704545	2.585734	2.658717	2.735169	2.165411	1.489439	2.382066	1.308184	1.965655	2.14033	2.954603	2.807148	3.173746	2.790863	3.091299	2.777399	2.676522	2.748134	2.719877	2.163185	2.008215	1.370384	3.116438	2.240161	1.214575	1.053986	3.010585	2.293578	0.942254	2.818813	2.100289	1.130515	1.60953
TTG	0.25786	0.853516	0.303802	1.090295	0.343595	0.41968	0.485525	0.465246	0.253481	0.466834	0.406119	0.719254	0.7406	0.164961	0.841642	0.51943	0.545336	0.346278	0.484615	0.753592	0.204334	0.241371	0.981873	0.857143	0.365534	1.217064	0.267485	0.822207	0.319767	1.04065	1.017772	0.498069	0.976598	1.297958	0.809389	0.805286	0.571195	1.633184	1.264309	1.666667	0.819616	0.620367	0.443541	1.755223	0.938798	0.701859	3.113275	1.231234	1.225511	0.458919	0.455451	0.677837	0.596224	0.25786	0.855068	0.592605	0.563025	0.937121	0.246751	0.547695	0.951656	0.445205	0.322906	0.986842	1.731834	0.683355	0.220863	1.682499	0.450306	0.630087	0.974265	0.800218
TTT	0.110844	0.878566	0.236413	0.859375	0.049104	0.540154	0.376966	0.944581	0.441312	0.818594	0.458471	1.389627	0.897869	0.271429	1.325057	0.900088	0.892308	0.205228	0.427191	0.908276	0.345259	0.313782	0.415408	0.571429	0.702949	1.575387	0.354024	1.004919	0.348837	2.284553	1.604948	0.731856	0.792335	1.374308	2.144881	1.982242	0.815993	2.037867	1.537673	2.537879	0.943073	0.773445	0.822399	1.526281	2.319913	1.527075	2.667072	1.900853	1.415379	0.309821	0.462507	0.326078	1.247189	0.110844	1.079148	1.267024	0.424011	1.073115	0.435927	0.556823	2.740769	0.205479	0.343088	2.631579	3.341548	0.448274	0.356779	3.610632	0.367675	1.31268	3.023897	2.609803
A	12.859966	11.757907	11.177079	10.527346	12.193655	10.503402	11.109873	6.553631	7.088369	6.30864	6.93443	5.745092	6.569801	6.630349	5.779243	6.460093	6.134103	11.78837	12.482846	6.292557	7.271233	10.523775	9.89426	9.321429	5.895401	5.381027	9.094485	10.548138	10.399709	6.642276	7.805527	9.636105	6.007002	6.852453	5.382436	5.554408	7.425541	5.895954	6.167777	4.69697	5.651578	6.646793	5.987803	5.046265	6.670879	5.904122	6.084576	5.832163	7.016484	11.308242	10.567541	10.058057	6.12173	12.859966	6.553893	6.445863	11.029328	7.079099	10.124188	9.83023	6.242863	10.171233	8.415742	5.946356	6.05673	10.455421	10.091743	5.91762	10.839262	7.062221	5.091444	4.874057
C	0.635868	0.74756	0.714372	0.707156	0.692761	0.711599	0.677955	0.668649	0.638194	0.619814	0.66626	0.72823	0.756924	0.603207	0.655293	0.617861	0.600132	0.672888	0.778191	0.648807	0.69191	1.013758	0.830816	0.214286	1.024744	1.28811	0.794587	0.555165	0.625	1.081301	1.150865	0.670868	0.497512	0.381752	0.323756	0.309725	0.489596	0.867052	0.871348	0.795455	0.764746	0.612311	0.351137	0.50558	0.550641	0.723127	0.496907	0.410411	0.578234	0.704493	0.737771	0.727577	0.613978	0.635868	0.662451	0.623091	0.77933	0.885196	0.559257	0.949252	0.380662	0.787671	0.847629	1.417004	0.986541	0.698471	0.662589	1.050724	0.75154	0.682594	1.571547	1.964172
D	9.06825	8.033525	8.531843	8.048593	9.155441	8.079722	8.262063	7.217903	7.339462	7.123034	7.187373	6.770503	7.505088	7.221735	7.025204	6.927099	7.36838	8.53716	7.949459	6.983516	8.493612	9.944485	8.459215	5.5	8.257311	7.898557	9.645189	9.318342	12.172965	8.178862	7.429735	9.209189	7.775935	8.264936	8.579522	8.796201	5.589555	6.965318	6.458227	7.556818	8.473937	8.451499	9.184994	8.194219	8.286694	9.46446	9.491938	8.56464	8.319669	8.83813	8.397093	8.127976	7.153805	9.06825	7.109023	7.202407	8.543004	8.367332	9.647175	9.556407	6.661591	7.876712	10.655903	5.769231	6.129763	8.292168	10.652396	5.964782	8.686551	6.747178	6.341329	6.074384
E	8.290715	8.077643	8.879066	8.116785	8.070071	8.62969	8.185678	11.705882	11.545722	11.641542	11.020536	11.882075	9.549152	11.452392	11.624144	11.040285	10.004055	7.763169	8.267925	11.827685	10.315774	8.979001	7.892749	7.214286	10.228693	11.416922	8.913539	8.67182	5.864826	9.065041	8.940734	8.263875	10.613599	10.956289	12.100364	12.389015	9.832721	7.369942	7.397916	7.5	10.847051	10.739607	10.608021	9.472479	9.297707	10.434302	8.721225	9.763473	9.035989	8.44219	8.128091	8.000498	11.479169	8.290715	10.670876	10.863492	8.368529	10.019039	8.956329	9.273457	8.260373	7.431507	8.900101	7.869433	7.343184	8.46086	8.494733	7.025921	9.095401	8.663691	7.637166	7.5657
F	3.202139	3.1462	3.310618	3.329123	3.392278	3.190869	3.303769	3.798699	3.955167	4.095546	3.91273	4.121981	3.626544	3.862231	3.955538	4.025883	4.069779	3.296897	3.170849	3.919432	3.299675	2.099928	2.794562	2.607143	3.552237	3.586322	2.887263	2.789881	2.863372	3.487805	3.186409	3.06973	3.501013	3.932048	3.581546	3.406979	4.732762	4.349711	4.049206	4.242424	3.528807	3.432162	3.557568	3.691691	3.809352	3.909141	3.975256	3.866508	3.555709	3.264423	3.269652	3.499795	4.038052	3.202139	3.856547	3.943545	3.171929	3.792993	2.598898	2.564805	4.111153	3.321918	2.583249	3.846154	4.395534	3.458859	2.650357	4.552877	3.186488	3.412969	4.15403	4.219333
G	9.233876	8.794887	8.587659	8.311751	8.75409	8.990891	8.581094	7.33419	7.544612	7.381243	7.77871	7.199123	8.47041	8.073186	6.939124	7.46215	7.131597	8.772924	8.744284	7.212106	8.178047	9.534154	8.534743	8.571429	6.829543	6.805054	7.764928	8.587491	7.827035	7.439024	8.087372	8.843261	8.015478	7.310555	7.061918	6.834607	7.303142	7.471098	7.654194	7.537879	6.303155	6.469546	7.567917	6.90642	7.122224	6.150836	7.849103	6.706988	6.878398	8.734575	8.369399	8.313811	7.346432	9.233876	7.458252	7.240358	8.440371	7.192839	8.635579	7.840453	6.737724	8.390411	9.021191	6.654858	6.445639	8.205343	8.868502	6.469806	8.475434	8.007351	6.010477	5.783395
H	1.768847	2.188886	2.01277	2.116954	2.026757	2.072095	1.939763	1.696786	1.792676	1.658614	1.734072	1.617344	1.784291	1.71932	1.723407	1.666458	1.790585	1.908396	2.028179	1.63742	1.780017	1.472363	1.510574	1.357143	2.511872	2.08816	2.25002	2.304989	1.751453	2.00813	2.019886	1.646676	1.676801	1.221607	1.558074	1.527979	1.101591	1.604046	1.195968	1.458333	2.369684	2.11086	1.838847	1.583516	1.796353	1.973712	1.298043	1.242035	1.924571	1.953497	1.970505	2.08716	1.602261	1.768847	1.592678	1.649962	2.00182	2.237717	2.064314	1.962395	1.598782	1.986301	2.018163	1.341093	1.77713	2.025639	1.240231	1.815924	1.913053	1.365188	2.150538	2.218787
I	3.467327	4.750583	3.934387	5.424659	2.965627	4.411073	4.144231	5.37701	5.396222	5.766658	5.225436	6.229263	5.279631	5.169781	5.821119	5.762632	6.245953	3.03561	3.313985	5.8357	4.949252	2.293024	4.456193	4.535714	5.801675	5.949402	3.87853	2.902319	4.069767	5.552846	4.634776	4.13702	5.067256	4.676465	6.21206	6.153211	5.752754	4.855491	5.108491	5.094697	5.548697	5.422172	5.08224	5.322904	5.145333	5.363903	4.472163	5.70256	5.549323	4.172857	4.33975	3.859239	5.947745	3.467327	5.842151	6.105854	4.442347	4.908142	3.766757	3.587076	6.509326	3.527397	4.540868	7.186235	8.45404	4.107871	3.771662	8.839094	4.459548	6.379627	8.133444	8.011276
K	1.55693	1.561168	2.019926	1.812812	1.710709	1.729468	1.771624	5.452971	5.095092	5.524357	4.94277	6.279654	4.774444	4.761295	6.736461	6.284524	6.313979	1.670939	1.621846	6.083421	3.436908	1.979242	3.096677	3.892857	4.917521	5.523121	2.564708	2.754743	3.175872	4.235772	3.81273	2.541167	5.988576	5.096392	5.463375	5.595705	5.671155	6.372832	6.577823	5.416667	6.299726	5.945859	5.636666	7.001812	6.517422	5.721213	4.786533	6.404579	5.704669	1.904678	1.946251	2.121451	6.16789	1.55693	5.721897	5.827127	1.741366	4.522414	2.130109	2.79299	8.831367	3.253425	2.684157	6.098178	8.379212	2.24113	2.038736	8.60584	1.716816	3.360462	7.995589	8.684187
L	8.568464	9.045794	8.612649	8.791524	8.642692	8.642205	8.822684	8.345759	8.505315	8.458106	8.55333	8.413042	8.282826	8.553584	8.250226	8.3355	8.486228	9.043236	9.079653	8.185803	8.101071	7.385952	7.590634	9.214286	6.73894	6.780342	7.481709	7.427969	6.853198	6.780488	6.74861	6.800163	7.554819	8.55125	7.466613	7.619244	8.69033	7.572254	6.919528	7.575758	6.738683	7.210764	6.77324	7.183058	6.716014	7.337615	7.311632	6.458581	6.714421	8.616543	8.908373	9.144646	8.22405	8.568464	8.240608	8.109512	8.908609	6.928269	6.998931	6.863819	7.537115	7.328767	6.841574	7.995951	8.434485	8.692193	8.341828	8.501298	8.850128	8.663691	7.811782	8.511412
M	1.576121	1.813493	1.709143	1.898486	1.68435	1.749228	1.672829	2.259463	2.409491	2.32615	2.345223	2.434212	2.205961	2.650892	2.263668	2.367449	2.478039	1.734675	1.638748	2.380906	1.987433	1.810282	1.774924	2.25	2.477506	2.57931	1.534104	2.129304	2.136628	2.04878	1.730212	1.890628	1.916344	1.736973	2.367463	2.250671	1.672787	2.080925	1.98189	1.780303	2.609739	2.304222	2.088339	2.098636	2.374075	2.492662	1.876077	2.106059	2.520066	1.669883	1.86017	1.818211	2.334004	1.576121	2.320151	2.39624	1.744948	2.784165	1.595526	1.816356	2.131709	2.157534	2.361251	3.061741	2.597651	1.847998	1.715936	2.621211	1.740773	2.494093	2.444628	2.437028
N	2.034384	2.178952	2.381681	2.36564	2.075502	2.456217	2.321919	3.766501	3.280583	4.042995	3.483933	4.090715	3.78383	3.164127	4.385421	4.21429	4.217604	2.093821	2.07835	4.098414	2.817446	2.268887	4.116314	4.25	4.726943	4.784852	3.414366	3.211525	3.851744	4.715447	4.666093	3.577963	4.459186	4.256538	4.330231	3.985133	4.447164	5.765896	6.424056	5.795455	5.555556	4.576217	5.211606	6.839645	5.723055	4.955549	5.232735	5.734961	5.385346	2.381667	2.484255	2.533794	4.377737	2.034384	4.52564	4.633518	2.242232	4.344386	2.755161	3.021176	5.786068	3.664384	3.370333	5.819838	4.901176	2.609472	2.616378	4.881241	2.305246	4.699396	6.341329	5.95617
P	4.905969	5.046253	4.671547	4.946159	4.531823	4.835504	4.700159	3.487976	3.577163	3.47772	3.647712	3.259883	3.903705	3.724318	3.279566	3.373358	3.456565	4.709651	4.981843	3.391567	3.76745	5.792904	3.927492	3.821429	3.999	3.478207	5.050743	5.298665	5.261628	4.065041	4.172865	4.604594	3.445734	3.683909	3.64225	3.510221	3.263974	3.482659	3.143687	3.390152	3.179012	3.262971	3.825541	3.043022	2.717097	3.079672	3.022006	3.078086	2.977475	4.700038	4.612456	4.528305	3.32495	4.905969	3.280442	3.339742	4.804369	3.79052	4.679661	4.828405	2.32204	3.630137	4.641776	3.314777	3.904459	4.486976	4.858987	3.812831	4.582886	3.885534	3.216616	3.000818
Q	1.877481	2.424312	2.525568	2.776527	2.442546	2.268108	2.559638	3.01095	3.175506	3.07379	3.432849	3.17428	2.55452	2.779283	3.329456	3.298252	3.1148	2.098051	2.439744	3.346822	2.127626	3.137823	4.040785	3.607143	3.383529	2.959256	3.532374	2.600141	3.931686	4.113821	4.21201	3.781256	4.201216	4.542852	4.3707	4.604584	4.039168	3.468208	3.502477	4.261364	4.084362	3.520786	3.964147	4.569303	4.098213	3.598622	3.934692	5.162545	4.315181	2.252645	3.017584	2.786442	3.37466	1.877481	3.366788	3.535099	2.404121	3.271271	3.314417	2.747353	2.816901	3.047945	3.45106	3.643725	3.230003	2.543446	3.17703	3.206213	2.393305	3.176687	3.106332	3.391834
R	7.014559	6.913282	6.279848	6.493034	6.394596	7.017988	6.760424	5.921244	5.585451	5.159058	5.792933	5.58694	5.55205	6.280312	5.189867	4.983326	5.137589	7.23002	7.085681	5.123017	6.136278	7.313541	5.664653	4.214286	5.242439	5.232756	6.647785	6.170063	6.031977	5.333333	4.814844	6.230941	5.45421	5.726284	5.726427	5.905431	5.344757	4.147399	3.434136	3.617424	4.845679	5.091847	4.888191	4.559763	4.603719	5.198009	4.928506	4.104115	4.574092	6.715986	6.04972	6.252254	4.797905	7.014559	4.767898	4.591211	6.750709	5.380412	6.645283	7.228916	4.796346	6.09589	5.832492	3.466599	3.407796	6.47815	6.574924	3.48879	6.570148	4.305592	4.108078	4.528508
S	5.047519	5.019679	5.519018	5.124105	5.135837	5.465168	5.902479	7.259479	6.125847	6.841817	6.644334	7.001509	6.695472	6.483242	6.706475	6.842685	6.882714	5.310907	4.707109	6.680998	7.156814	6.396331	6.646526	5.892857	6.629593	7.039817	6.262293	5.418131	5.603198	6.536585	7.414077	5.946331	7.64695	7.386906	7.2845	6.896552	9.220726	7.890173	8.576798	10.113636	6.083676	6.727361	6.653114	7.249833	7.266655	6.716577	8.761789	7.279404	6.593596	5.44849	5.852688	5.977231	6.838383	5.047519	7.326461	6.900349	5.606355	6.428801	6.135373	5.613363	8.374572	7.431507	7.124117	7.034413	7.201708	5.995533	7.033639	7.170944	5.707249	7.823576	6.424042	6.638174
T	5.945667	6.159788	6.358562	7.152839	5.979469	6.574852	6.509799	4.826211	4.966362	5.079522	4.98147	4.408841	5.575103	4.907746	5.031925	5.041421	5.007097	6.322354	6.635884	4.926851	5.913362	5.551533	7.061934	8.714286	5.595476	5.152442	6.396035	7.392832	6.50436	7.390244	7.382761	7.399878	5.214667	5.077305	5.888304	5.988024	5.303958	7.080925	7.876303	7.405303	6.27915	6.260071	5.997043	6.210054	6.129265	5.908376	6.23669	6.944594	7.102788	6.253685	6.83256	6.83513	5.267487	5.945667	5.490476	5.350244	6.672767	5.523824	6.998931	7.447974	6.547392	6.917808	6.05449	6.933198	5.745443	6.559413	6.608902	5.524016	6.427439	7.56104	6.892749	6.410839
V	9.419391	8.592485	9.083393	8.112154	10.223988	8.876023	9.073074	7.139441	7.721105	7.148883	7.501308	6.874622	8.721752	7.736612	6.929559	7.016328	7.080905	10.342338	9.306765	7.15893	9.542187	9.534154	6.873112	9.071429	6.788928	6.851389	7.780662	7.905833	7.151163	6.552846	6.920849	7.054279	6.817763	6.585226	5.989478	5.988024	5.875153	7.196532	7.175807	6.875	5.977366	6.70319	6.930327	6.601164	6.625745	7.061126	8.204036	6.987796	6.93018	8.912627	8.811091	9.381072	6.789265	9.419391	7.126152	6.849332	8.578635	7.205202	7.755572	7.858708	6.090598	8.013699	6.922301	6.756073	6.639595	9.044935	6.506966	6.537011	8.522786	6.98346	5.036302	4.637628
W	1.037023	1.142818	1.107172	1.149882	1.10259	1.119827	1.087919	0.932169	0.891107	0.968353	0.988864	0.937076	1.061749	0.942408	0.971177	0.907051	0.910173	1.029496	1.055072	0.899446	0.916567	1.448226	1.548338	1.428571	1.815171	1.467272	1.447565	1.377372	1.388081	1.536585	1.557974	1.667005	1.197715	1.107082	0.607042	0.578154	1.672787	1.430636	1.606014	1.041667	1.148834	1.289075	1.145814	1.077936	1.236685	0.816708	0.750431	0.972027	0.940709	1.106457	1.129191	1.184436	0.931767	1.037023	0.880238	0.974921	1.116759	1.555275	1.710667	1.460387	0.951656	1.746575	1.675076	1.796559	0.89535	1.109137	1.817873	0.906685	1.096569	1.338934	1.543976	1.245794
Y	2.489506	2.533189	2.56498	2.726164	2.685078	2.62944	2.593078	3.115046	3.163679	3.281436	3.173094	3.234081	3.281146	3.216994	3.356598	3.307881	3.491886	2.615126	2.619905	3.160707	3.099574	1.520637	3.285498	4.321429	3.583479	3.737683	2.659114	2.635278	2.536337	3.235772	3.311673	3.029071	2.948222	2.653178	2.063942	2.106133	2.570379	4.118497	3.878353	3.844697	3.710562	3.222688	2.707448	2.842698	3.312872	3.190268	2.565663	2.678475	3.383102	2.618893	2.715861	2.762915	3.26873	2.489506	3.20738	3.418133	2.652472	3.783102	2.927872	2.75648	3.311762	3.219178	2.058527	4.048583	3.074559	2.686986	2.276589	3.107173	2.679379	3.386716	3.988604	3.846504
